{
  "count": 30,
  "rows": [
    {
      "reg_name": "Region IV-A (CALABARZON)",
      "prov_name": "Laguna",
      "city_name": "Alaminos"
    },
    {
      "reg_name": "Region IV-A (CALABARZON)",
      "prov_name": "Laguna",
      "city_name": "Bay"
    },
    {
      "reg_name": "Region IV-A (CALABARZON)",
      "prov_name": "Laguna",
      "city_name": "Cabuyao City"
    },
    {
      "reg_name": "Region IV-A (CALABARZON)",
      "prov_name": "Laguna",
      "city_name": "Calauan"
    },
    {
      "reg_name": "Region IV-A (CALABARZON)",
      "prov_name": "Laguna",
      "city_name": "Cavinti"
    },
    {
      "reg_name": "Region IV-A (CALABARZON)",
      "prov_name": "Laguna",
      "city_name": "City of Biñan"
    },
    {
      "reg_name": "Region IV-A (CALABARZON)",
      "prov_name": "Laguna",
      "city_name": "City of Calamba"
    },
    {
      "reg_name": "Region IV-A (CALABARZON)",
      "prov_name": "Laguna",
      "city_name": "City of San Pedro"
    },
    {
      "reg_name": "Region IV-A (CALABARZON)",
      "prov_name": "Laguna",
      "city_name": "City of Santa Rosa"
    },
    {
      "reg_name": "Region IV-A (CALABARZON)",
      "prov_name": "Laguna",
      "city_name": "Famy"
    },
    {
      "reg_name": "Region IV-A (CALABARZON)",
      "prov_name": "Laguna",
      "city_name": "Kalayaan"
    },
    {
      "reg_name": "Region IV-A (CALABARZON)",
      "prov_name": "Laguna",
      "city_name": "Liliw"
    },
    {
      "reg_name": "Region IV-A (CALABARZON)",
      "prov_name": "Laguna",
      "city_name": "Los Baños"
    },
    {
      "reg_name": "Region IV-A (CALABARZON)",
      "prov_name": "Laguna",
      "city_name": "Luisiana"
    },
    {
      "reg_name": "Region IV-A (CALABARZON)",
      "prov_name": "Laguna",
      "city_name": "Lumban"
    },
    {
      "reg_name": "Region IV-A (CALABARZON)",
      "prov_name": "Laguna",
      "city_name": "Mabitac"
    },
    {
      "reg_name": "Region IV-A (CALABARZON)",
      "prov_name": "Laguna",
      "city_name": "Magdalena"
    },
    {
      "reg_name": "Region IV-A (CALABARZON)",
      "prov_name": "Laguna",
      "city_name": "Majayjay"
    },
    {
      "reg_name": "Region IV-A (CALABARZON)",
      "prov_name": "Laguna",
      "city_name": "Nagcarlan"
    },
    {
      "reg_name": "Region IV-A (CALABARZON)",
      "prov_name": "Laguna",
      "city_name": "Paete"
    },
    {
      "reg_name": "Region IV-A (CALABARZON)",
      "prov_name": "Laguna",
      "city_name": "Pagsanjan"
    },
    {
      "reg_name": "Region IV-A (CALABARZON)",
      "prov_name": "Laguna",
      "city_name": "Pakil"
    },
    {
      "reg_name": "Region IV-A (CALABARZON)",
      "prov_name": "Laguna",
      "city_name": "Pangil"
    },
    {
      "reg_name": "Region IV-A (CALABARZON)",
      "prov_name": "Laguna",
      "city_name": "Pila"
    },
    {
      "reg_name": "Region IV-A (CALABARZON)",
      "prov_name": "Laguna",
      "city_name": "Rizal"
    },
    {
      "reg_name": "Region IV-A (CALABARZON)",
      "prov_name": "Laguna",
      "city_name": "San Pablo City"
    },
    {
      "reg_name": "Region IV-A (CALABARZON)",
      "prov_name": "Laguna",
      "city_name": "Santa Cruz"
    },
    {
      "reg_name": "Region IV-A (CALABARZON)",
      "prov_name": "Laguna",
      "city_name": "Santa Maria"
    },
    {
      "reg_name": "Region IV-A (CALABARZON)",
      "prov_name": "Laguna",
      "city_name": "Siniloan"
    },
    {
      "reg_name": "Region IV-A (CALABARZON)",
      "prov_name": "Laguna",
      "city_name": "Victoria"
    }
  ]
}